metric,median,p25,p75
real_s,0.545000,0.540000,0.557500
user_s,0.220000,0.210000,0.230000
sys_s,0.040000,0.032500,0.040000
peak_kb,35056.000000,34929.000000,35059.000000
