metric,median,p25,p75
real_s,1.865000,1.797500,2.065000
user_s,1.495000,1.450000,1.650000
sys_s,0.055000,0.050000,0.097500
peak_kb,35128.000000,35128.000000,35131.000000
