run,real_s,user_s,sys_s,peak_kb,rc
1,0.590000,0.220000,0.060000,35056,0
2,0.560000,0.230000,0.030000,34928,0
3,0.540000,0.220000,0.040000,34932,0
4,0.530000,0.210000,0.040000,35056,0
5,0.550000,0.230000,0.040000,35060,0
6,0.550000,0.230000,0.020000,34928,0
7,0.540000,0.200000,0.040000,34928,0
8,0.530000,0.210000,0.040000,35056,0
9,0.540000,0.240000,0.020000,35060,0
10,0.560000,0.200000,0.050000,35060,0
