metric,median,p25,p75
real_s,0.400000,0.392500,0.407500
user_s,0.110000,0.100000,0.110000
sys_s,0.010000,0.010000,0.017500
peak_kb,7808.000000,7808.000000,7808.000000
