metric,median,p25,p75
real_s,1.170000,1.170000,1.195000
user_s,0.860000,0.850000,0.870000
sys_s,0.020000,0.012500,0.020000
peak_kb,8192.000000,8064.000000,8192.000000
