run,real_s,user_s,sys_s,peak_kb,rc
1,1.280000,0.870000,0.040000,8192,0
2,1.170000,0.840000,0.040000,8192,0
3,1.180000,0.870000,0.000000,8192,0
4,1.240000,0.900000,0.010000,8192,0
5,1.120000,0.860000,0.020000,8192,0
6,1.170000,0.840000,0.020000,8064,0
7,1.170000,0.850000,0.020000,8064,0
8,1.200000,0.880000,0.020000,8064,0
9,1.170000,0.860000,0.010000,8064,0
10,1.170000,0.850000,0.020000,8192,0
