metric,median,p25,p75
real_s,0.470000,0.445000,0.495000
user_s,0.175000,0.170000,0.190000
sys_s,0.020000,0.020000,0.027500
peak_kb,8472.000000,8252.000000,8476.000000
