metric,median,p25,p75
real_s,0.520000,0.510000,0.527500
user_s,0.200000,0.200000,0.200000
sys_s,0.020000,0.020000,0.020000
peak_kb,8384.000000,8320.000000,8448.000000
