run,real_s,user_s,sys_s,peak_kb,rc
1,0.500000,0.210000,0.020000,8448,0
2,0.510000,0.200000,0.020000,8448,0
3,0.490000,0.200000,0.020000,8320,0
4,0.560000,0.200000,0.010000,8448,0
5,0.520000,0.190000,0.020000,8320,0
6,0.530000,0.210000,0.030000,8320,0
7,0.550000,0.200000,0.030000,8448,0
8,0.520000,0.200000,0.020000,8320,0
9,0.510000,0.200000,0.020000,8448,0
10,0.520000,0.200000,0.020000,8192,0
