metric,median,p25,p75
real_s,1.805000,1.782500,1.817500
user_s,1.440000,1.430000,1.457500
sys_s,0.035000,0.030000,0.057500
peak_kb,35132.000000,35128.000000,35225.000000
