run,real_s,user_s,sys_s,peak_kb,rc
1,0.010000,0.000000,0.000000,3328,0
2,0.020000,0.000000,0.000000,3328,0
3,0.010000,0.000000,0.000000,3328,0
4,0.010000,0.000000,0.000000,3456,0
5,0.010000,0.000000,0.000000,3328,0
