metric,median,p25,p75
real_s,0.530000,0.530000,0.530000
user_s,0.210000,0.200000,0.217500
sys_s,0.030000,0.030000,0.047500
peak_kb,34932.000000,34929.000000,34932.000000
