metric,median,p25,p75
real_s,0.003400,0.003400,0.003400
user_s,0.001250,0.001250,0.001250
sys_s,0.001400,0.001400,0.001400
peak_kb,1636.000000,1636.000000,1636.000000
colors_used,7.000000,7.000000,7.000000
