run,real_s,user_s,sys_s,peak_kb,rc,colors_used
1,0.030000,0.000000,0.000000,3712,0,54
2,0.030000,0.000000,0.000000,3712,0,60
3,0.030000,0.000000,0.000000,3712,0,55
4,0.030000,0.000000,0.000000,3840,0,60
5,0.030000,0.000000,0.000000,3840,0,57
6,0.030000,0.000000,0.000000,3840,0,61
7,0.030000,0.010000,0.000000,3712,0,57
8,0.030000,0.000000,0.000000,3840,0,55
9,0.030000,0.010000,0.000000,3840,0,55
10,0.030000,0.010000,0.000000,3840,0,53
