metric,median,p25,p75
real_s,0.055000,0.042500,0.060000
user_s,0.030000,0.030000,0.030000
sys_s,0.000000,0.000000,0.007500
peak_kb,2136.000000,2136.000000,2140.000000
colors_used,8.000000,8.000000,8.750000
