run,real_s,user_s,sys_s,peak_kb,rc,colors_used
1,0.270000,0.200000,   0.060000,2216,0,57
2,0.240000,0.190000,   0.040000,2216,0,53
3,0.240000,0.160000,   0.050000,2216,0,55
4,0.280000,0.190000,   0.060000,2220,0,57
5,0.290000,0.220000,   0.050000,2216,0,56
6,0.290000,0.220000,   0.060000,2216,0,57
7,0.260000,0.200000,   0.050000,2220,0,55
8,0.280000,0.220000,   0.050000,2220,0,57
9,0.240000,0.170000,   0.050000,2220,0,56
10,0.290000,0.210000,   0.050000,2216,0,56
