metric,median,p25,p75
real_s,0.016000,0.016000,0.016000
user_s,0.171000,0.171000,0.171000
sys_s,0.005350,0.005350,0.005350
peak_kb,4304.000000,4304.000000,4304.000000
colors_used,57.000000,57.000000,57.000000
