run,real_s,user_s,sys_s,peak_kb,rc,colors_used
1,0.060000,0.030000,   0.000000,2140,0,8
2,0.070000,0.040000,   0.000000,2140,0,9
3,0.040000,0.030000,   0.000000,2136,0,9
4,0.040000,0.030000,   0.000000,2136,0,9
5,0.060000,0.030000,   0.000000,2140,0,8
6,0.050000,0.030000,   0.000000,2136,0,8
7,0.060000,0.030000,   0.010000,2140,0,8
8,0.040000,0.030000,   0.000000,2136,0,8
9,0.060000,0.030000,   0.010000,2136,0,8
10,0.050000,0.020000,   0.010000,2136,0,7
