metric,median,p25,p75
real_s,0.010550,0.010550,0.010550
user_s,0.095950,0.095950,0.095950
sys_s,0.004700,0.004700,0.004700
peak_kb,4260.000000,4260.000000,4260.000000
colors_used,28.000000,28.000000,28.000000
