metric,median,p25,p75
real_s,0.019400,0.019400,0.019400
user_s,0.064500,0.064500,0.064500
sys_s,0.004100,0.004100,0.004100
peak_kb,3968.000000,3968.000000,3968.000000
colors_used,27.000000,27.000000,27.000000
