metric,median,p25,p75
real_s,0.011250,0.011250,0.011250
user_s,0.108150,0.108150,0.108150
sys_s,0.004200,0.004200,0.004200
peak_kb,4260.000000,4260.000000,4260.000000
colors_used,24.000000,24.000000,24.000000
