metric,median,p25,p75
real_s,0.048600,0.048600,0.048600
user_s,0.189800,0.189800,0.189800
sys_s,0.012950,0.012950,0.012950
peak_kb,3968.000000,3968.000000,3968.000000
colors_used,27.000000,27.000000,27.000000
