metric,median,p25,p75
real_s,0.010600,0.010600,0.010600
user_s,0.097050,0.097050,0.097050
sys_s,0.004550,0.004550,0.004550
peak_kb,4256.000000,4256.000000,4256.000000
colors_used,25.000000,25.000000,25.000000
