run,real_s,user_s,sys_s,peak_kb,rc,colors_used
1,0.020000,0.000000,0.000000,3712,0,26
2,0.020000,0.000000,0.000000,3840,0,25
3,0.020000,0.000000,0.000000,3840,0,25
4,0.020000,0.000000,0.000000,3840,0,25
5,0.020000,0.000000,0.000000,3840,0,24
6,0.020000,0.000000,0.000000,3840,0,25
7,0.020000,0.000000,0.000000,3712,0,25
8,0.020000,0.000000,0.000000,3840,0,25
9,0.030000,0.010000,0.000000,3840,0,26
10,0.020000,0.000000,0.000000,3840,0,24
