metric,median,p25,p75
real_s,0.030000,0.030000,0.030000
user_s,0.000000,0.000000,0.007500
sys_s,0.000000,0.000000,0.000000
peak_kb,3840.000000,3712.000000,3840.000000
colors_used,56.000000,55.000000,59.250000
