metric,median,p25,p75
real_s,0.160000,0.140000,0.160000
user_s,0.110000,0.102500,0.117500
sys_s,0.030000,0.022500,0.030000
peak_kb,2168.000000,2168.000000,2168.000000
colors_used,25.000000,24.250000,25.000000
