metric,median,p25,p75
real_s,0.000000,0.000000,0.020000
user_s,0.000000,0.000000,0.000000
sys_s,0.000000,0.000000,0.000000
peak_kb,1632.000000,1632.000000,1636.000000
colors_used,7.000000,7.000000,7.000000
