metric,median,p25,p75
real_s,0.016700,0.016700,0.016700
user_s,0.028450,0.028450,0.028450
sys_s,0.004300,0.004300,0.004300
peak_kb,3840.000000,3840.000000,3840.000000
colors_used,8.000000,8.000000,8.000000
