metric,median,p25,p75
real_s,0.015750,0.015750,0.015750
user_s,0.168500,0.168500,0.168500
sys_s,0.005800,0.005800,0.005800
peak_kb,4308.000000,4308.000000,4308.000000
colors_used,55.000000,55.000000,55.000000
