metric,median,p25,p75
real_s,0.020000,0.020000,0.030000
user_s,0.000000,0.000000,0.000000
sys_s,0.000000,0.000000,0.000000
peak_kb,4096.000000,3968.000000,4096.000000
colors_used,53.000000,53.000000,53.000000
