run,real_s,user_s,sys_s,peak_kb,rc,colors_used
1,0.160000,0.100000,   0.030000,2172,0,26
2,0.160000,0.120000,   0.030000,2168,0,25
3,0.160000,0.110000,   0.030000,2168,0,25
4,0.140000,0.100000,   0.040000,2168,0,25
5,0.170000,0.110000,   0.030000,2168,0,25
6,0.160000,0.130000,   0.020000,2168,0,24
7,0.140000,0.110000,   0.020000,2168,0,25
8,0.130000,0.090000,   0.030000,2168,0,25
9,0.140000,0.110000,   0.020000,2168,0,24
10,0.170000,0.120000,   0.030000,2168,0,24
