metric,median,p25,p75
real_s,0.005450,0.005450,0.005450
user_s,0.028350,0.028350,0.028350
sys_s,0.003600,0.003600,0.003600
peak_kb,4220.000000,4220.000000,4220.000000
colors_used,8.000000,8.000000,8.000000
