metric,median,p25,p75
real_s,0.050650,0.050650,0.050650
user_s,0.261650,0.261650,0.261650
sys_s,0.010700,0.010700,0.010700
peak_kb,3968.000000,3968.000000,3968.000000
colors_used,54.000000,54.000000,54.000000
