metric,median,p25,p75
real_s,0.275000,0.245000,0.287500
user_s,0.200000,0.190000,0.217500
sys_s,0.050000,0.050000,0.057500
peak_kb,2216.000000,2216.000000,2220.000000
colors_used,56.000000,55.250000,57.000000
