metric,median,p25,p75
real_s,0.017050,0.017050,0.017050
user_s,0.033950,0.033950,0.033950
sys_s,0.006200,0.006200,0.006200
peak_kb,3840.000000,3840.000000,3840.000000
colors_used,9.000000,9.000000,9.000000
