run,real_s,user_s,sys_s,peak_kb,rc,colors_used
1,0.030000,0.000000,0.000000,3840,0,57
2,0.030000,0.000000,0.000000,3840,0,59
3,0.030000,0.000000,0.000000,3840,0,55
4,0.050000,0.000000,0.010000,3840,0,58
5,0.020000,0.000000,0.000000,3840,0,56
6,0.020000,0.010000,0.000000,3712,0,56
7,0.030000,0.000000,0.000000,3968,0,58
8,0.030000,0.010000,0.000000,3968,0,59
9,0.030000,0.000000,0.000000,3968,0,58
10,0.030000,0.010000,0.000000,3840,0,59
