run,real_s,user_s,sys_s,peak_kb,rc,colors_used
1,0.020000,0.000000,   0.000000,1732,0,53
2,0.000000,0.000000,   0.000000,1728,0,53
3,0.000000,0.000000,   0.000000,1728,0,53
4,0.020000,0.000000,   0.000000,1732,0,53
5,0.040000,0.000000,   0.000000,1728,0,53
6,0.000000,0.000000,   0.000000,1728,0,53
7,0.000000,0.000000,   0.000000,1728,0,53
8,0.000000,0.000000,   0.000000,1728,0,53
9,0.010000,0.000000,   0.000000,1732,0,53
10,0.000000,0.000000,   0.000000,1728,0,53
