run,real_s,user_s,sys_s,peak_kb,rc,colors_used
1,0.030000,0.000000,0.000000,3840,0,8
2,0.020000,0.000000,0.000000,3712,0,8
3,0.020000,0.000000,0.000000,3840,0,8
4,0.020000,0.000000,0.000000,3712,0,8
5,0.030000,0.000000,0.010000,3840,0,8
6,0.020000,0.000000,0.000000,3712,0,7
7,0.020000,0.000000,0.000000,3712,0,8
8,0.020000,0.000000,0.000000,3712,0,8
9,0.020000,0.000000,0.000000,3712,0,9
10,0.020000,0.000000,0.000000,3712,0,8
