metric,median,p25,p75
real_s,0.020000,0.020000,0.020000
user_s,0.000000,0.000000,0.000000
sys_s,0.000000,0.000000,0.000000
peak_kb,3840.000000,3712.000000,3840.000000
colors_used,25.000000,25.000000,26.000000
