metric,median,p25,p75
real_s,0.030000,0.030000,0.030000
user_s,0.000000,0.000000,0.007500
sys_s,0.000000,0.000000,0.000000
peak_kb,3840.000000,3840.000000,3936.000000
colors_used,58.000000,56.250000,58.750000
