metric,median,p25,p75
real_s,0.005450,0.005450,0.005450
user_s,0.003000,0.003000,0.003000
sys_s,0.001600,0.001600,0.001600
peak_kb,1732.000000,1732.000000,1732.000000
colors_used,53.000000,53.000000,53.000000
