metric,median,p25,p75
real_s,0.032800,0.032800,0.032800
user_s,0.146700,0.146700,0.146700
sys_s,0.006450,0.006450,0.006450
peak_kb,3968.000000,3968.000000,3968.000000
colors_used,56.000000,56.000000,56.000000
