metric,median,p25,p75
real_s,0.006100,0.006100,0.006100
user_s,0.036200,0.036200,0.036200
sys_s,0.004450,0.004450,0.004450
peak_kb,4224.000000,4224.000000,4224.000000
colors_used,8.000000,8.000000,8.000000
