metric,median,p25,p75
real_s,0.016650,0.016650,0.016650
user_s,0.181400,0.181400,0.181400
sys_s,0.006250,0.006250,0.006250
peak_kb,4304.000000,4304.000000,4304.000000
colors_used,57.000000,57.000000,57.000000
