metric,median,p25,p75
real_s,0.004600,0.004600,0.004600
user_s,0.002200,0.002200,0.002200
sys_s,0.001500,0.001500,0.001500
peak_kb,1684.000000,1684.000000,1684.000000
colors_used,23.000000,23.000000,23.000000
