metric,median,p25,p75
real_s,0.015950,0.015950,0.015950
user_s,0.020200,0.020200,0.020200
sys_s,0.005100,0.005100,0.005100
peak_kb,3840.000000,3840.000000,3840.000000
colors_used,4.000000,4.000000,4.000000
