metric,median,p25,p75
real_s,0.027000,0.027000,0.027000
user_s,0.084150,0.084150,0.084150
sys_s,0.008800,0.008800,0.008800
peak_kb,3840.000000,3840.000000,3840.000000
colors_used,3.000000,3.000000,3.000000
