metric,median,p25,p75
real_s,0.004100,0.004100,0.004100
user_s,0.006850,0.006850,0.006850
sys_s,0.004300,0.004300,0.004300
peak_kb,4196.000000,4196.000000,4196.000000
colors_used,2.000000,2.000000,2.000000
