metric,median,p25,p75
real_s,0.003950,0.003950,0.003950
user_s,0.006500,0.006500,0.006500
sys_s,0.004500,0.004500,0.004500
peak_kb,4196.000000,4196.000000,4196.000000
colors_used,2.000000,2.000000,2.000000
