metric,median,p25,p75
real_s,0.003900,0.003900,0.003900
user_s,0.006550,0.006550,0.006550
sys_s,0.003850,0.003850,0.003850
peak_kb,4200.000000,4200.000000,4200.000000
colors_used,3.000000,3.000000,3.000000
