metric,median,p25,p75
real_s,0.003250,0.003250,0.003250
user_s,0.001150,0.001150,0.001150
sys_s,0.001250,0.001250,0.001250
peak_kb,1608.000000,1608.000000,1608.000000
colors_used,3.000000,3.000000,3.000000
