metric,median,p25,p75
real_s,0.016500,0.016500,0.016500
user_s,0.027000,0.027000,0.027000
sys_s,0.004850,0.004850,0.004850
peak_kb,3840.000000,3840.000000,3840.000000
colors_used,3.000000,3.000000,3.000000
