metric,median,p25,p75
real_s,0.003100,0.003100,0.003100
user_s,0.001100,0.001100,0.001100
sys_s,0.001350,0.001350,0.001350
peak_kb,1616.000000,1616.000000,1616.000000
colors_used,2.000000,2.000000,2.000000
