metric,median,p25,p75
real_s,0.003250,0.003250,0.003250
user_s,0.001100,0.001100,0.001100
sys_s,0.001350,0.001350,0.001350
peak_kb,1608.000000,1608.000000,1608.000000
colors_used,4.000000,4.000000,4.000000
