metric,median,p25,p75
real_s,0.017550,0.017550,0.017550
user_s,0.030450,0.030450,0.030450
sys_s,0.004900,0.004900,0.004900
peak_kb,3840.000000,3840.000000,3840.000000
colors_used,4.000000,4.000000,4.000000
