metric,median,p25,p75
real_s,0.004600,0.004600,0.004600
user_s,0.015750,0.015750,0.015750
sys_s,0.003500,0.003500,0.003500
peak_kb,4208.000000,4208.000000,4208.000000
colors_used,3.000000,3.000000,3.000000
