metric,median,p25,p75
real_s,0.004550,0.004550,0.004550
user_s,0.015050,0.015050,0.015050
sys_s,0.003100,0.003100,0.003100
peak_kb,4204.000000,4204.000000,4204.000000
colors_used,2.000000,2.000000,2.000000
