metric,median,p25,p75
real_s,0.004050,0.004050,0.004050
user_s,0.007600,0.007600,0.007600
sys_s,0.004800,0.004800,0.004800
peak_kb,4196.000000,4196.000000,4196.000000
colors_used,3.000000,3.000000,3.000000
