metric,median,p25,p75
real_s,0.015650,0.015650,0.015650
user_s,0.026600,0.026600,0.026600
sys_s,0.004050,0.004050,0.004050
peak_kb,3840.000000,3840.000000,3840.000000
colors_used,3.000000,3.000000,3.000000
