metric,median,p25,p75
real_s,0.032400,0.032400,0.032400
user_s,0.116200,0.116200,0.116200
sys_s,0.011150,0.011150,0.011150
peak_kb,3840.000000,3840.000000,3840.000000
colors_used,3.000000,3.000000,3.000000
