metric,median,p25,p75
real_s,0.016850,0.016850,0.016850
user_s,0.029000,0.029000,0.029000
sys_s,0.004250,0.004250,0.004250
peak_kb,3840.000000,3840.000000,3840.000000
colors_used,3.000000,3.000000,3.000000
