metric,median,p25,p75
real_s,0.004000,0.004000,0.004000
user_s,0.007350,0.007350,0.007350
sys_s,0.004300,0.004300,0.004300
peak_kb,4196.000000,4196.000000,4196.000000
colors_used,3.000000,3.000000,3.000000
