run,real_s,user_s,sys_s,peak_kb,rc,colors_used
1,0.010000,0.000000,0.000000,3840,0,2
2,0.020000,0.000000,0.000000,3840,0,3
3,0.010000,0.000000,0.000000,3840,0,3
4,0.020000,0.000000,0.000000,3840,0,3
5,0.020000,0.000000,0.000000,3840,0,2
6,0.020000,0.000000,0.000000,3840,0,2
7,0.020000,0.000000,0.000000,3840,0,3
8,0.020000,0.000000,0.000000,3840,0,2
9,0.010000,0.000000,0.000000,3840,0,3
10,0.020000,0.000000,0.000000,3712,0,3
