metric,median,p25,p75
real_s,0.023350,0.023350,0.023350
user_s,0.038700,0.038700,0.038700
sys_s,0.008050,0.008050,0.008050
peak_kb,3840.000000,3840.000000,3840.000000
colors_used,2.000000,2.000000,2.000000
