metric,median,p25,p75
real_s,0.025500,0.025500,0.025500
user_s,0.070650,0.070650,0.070650
sys_s,0.007850,0.007850,0.007850
peak_kb,3840.000000,3840.000000,3840.000000
colors_used,3.000000,3.000000,3.000000
