run,real_s,user_s,sys_s,peak_kb,rc,colors_used
1,0.020000,0.000000,0.000000,3840,0,2
2,0.020000,0.000000,0.000000,3840,0,3
3,0.020000,0.000000,0.000000,3712,0,2
4,0.010000,0.000000,0.000000,3840,0,2
5,0.010000,0.000000,0.000000,3968,0,2
6,0.030000,0.000000,0.000000,3840,0,3
7,0.010000,0.000000,0.000000,3968,0,2
8,0.010000,0.000000,0.000000,3840,0,3
9,0.020000,0.000000,0.000000,3840,0,2
10,0.010000,0.000000,0.000000,3840,0,2
