metric,median,p25,p75
real_s,0.004050,0.004050,0.004050
user_s,0.007150,0.007150,0.007150
sys_s,0.004650,0.004650,0.004650
peak_kb,4196.000000,4196.000000,4196.000000
colors_used,3.000000,3.000000,3.000000
