metric,median,p25,p75
real_s,0.004600,0.004600,0.004600
user_s,0.016050,0.016050,0.016050
sys_s,0.003350,0.003350,0.003350
peak_kb,4204.000000,4204.000000,4204.000000
colors_used,2.000000,2.000000,2.000000
