metric,median,p25,p75
real_s,0.004250,0.004250,0.004250
user_s,0.008750,0.008750,0.008750
sys_s,0.004850,0.004850,0.004850
peak_kb,4196.000000,4196.000000,4196.000000
colors_used,3.000000,3.000000,3.000000
