metric,median,p25,p75
real_s,0.004050,0.004050,0.004050
user_s,0.008050,0.008050,0.008050
sys_s,0.004400,0.004400,0.004400
peak_kb,4200.000000,4200.000000,4200.000000
colors_used,4.000000,4.000000,4.000000
