metric,median,p25,p75
real_s,0.010000,0.010000,0.010000
user_s,0.000000,0.000000,0.000000
sys_s,0.000000,0.000000,0.000000
peak_kb,2114.000000,2112.000000,2116.000000
colors_used,2.500000,2.000000,3.000000
