metric,median,p25,p75
real_s,0.020000,0.012500,0.020000
user_s,0.000000,0.000000,0.000000
sys_s,0.000000,0.000000,0.000000
peak_kb,3840.000000,3840.000000,3840.000000
colors_used,2.000000,2.000000,3.000000
