metric,median,p25,p75
real_s,0.004650,0.004650,0.004650
user_s,0.016400,0.016400,0.016400
sys_s,0.003700,0.003700,0.003700
peak_kb,4208.000000,4208.000000,4208.000000
colors_used,3.000000,3.000000,3.000000
