metric,median,p25,p75
real_s,0.004800,0.004800,0.004800
user_s,0.018200,0.018200,0.018200
sys_s,0.003600,0.003600,0.003600
peak_kb,4204.000000,4204.000000,4204.000000
colors_used,4.000000,4.000000,4.000000
