metric,median,p25,p75
real_s,0.022500,0.022500,0.022500
user_s,0.058550,0.058550,0.058550
sys_s,0.007050,0.007050,0.007050
peak_kb,3840.000000,3840.000000,3840.000000
colors_used,3.000000,3.000000,3.000000
