metric,median,p25,p75
real_s,0.016200,0.016200,0.016200
user_s,0.022800,0.022800,0.022800
sys_s,0.005050,0.005050,0.005050
peak_kb,3840.000000,3840.000000,3840.000000
colors_used,2.000000,2.000000,2.000000
