metric,median,p25,p75
real_s,0.041950,0.041950,0.041950
user_s,0.159200,0.159200,0.159200
sys_s,0.013500,0.013500,0.013500
peak_kb,3840.000000,3840.000000,3840.000000
colors_used,4.000000,4.000000,4.000000
