run,real_s,user_s,sys_s,peak_kb,rc,colors_used
1,0.010000,0.000000,   0.000000,2112,0,2
2,0.010000,0.000000,   0.000000,2112,0,2
3,0.010000,0.000000,   0.000000,2112,0,3
4,0.010000,0.000000,   0.000000,2116,0,2
5,0.010000,0.000000,   0.000000,2116,0,3
6,0.010000,0.000000,   0.000000,2112,0,3
7,0.010000,0.000000,   0.000000,2112,0,2
8,0.010000,0.000000,   0.000000,2112,0,3
9,0.010000,0.000000,   0.000000,2116,0,3
10,0.010000,0.000000,   0.000000,2116,0,3
