metric,median,p25,p75
real_s,0.031100,0.031100,0.031100
user_s,0.103000,0.103000,0.103000
sys_s,0.009400,0.009400,0.009400
peak_kb,3840.000000,3840.000000,3840.000000
colors_used,3.000000,3.000000,3.000000
