metric,median,p25,p75
real_s,0.004700,0.004700,0.004700
user_s,0.017600,0.017600,0.017600
sys_s,0.003450,0.003450,0.003450
peak_kb,4204.000000,4204.000000,4204.000000
colors_used,3.000000,3.000000,3.000000
