metric,median,p25,p75
real_s,0.021950,0.021950,0.021950
user_s,0.045350,0.045350,0.045350
sys_s,0.006900,0.006900,0.006900
peak_kb,3840.000000,3840.000000,3840.000000
colors_used,3.000000,3.000000,3.000000
