run,real_s,user_s,sys_s,peak_kb,rc,colors_used
1,0.020000,0.000000,   0.000000,1616,0,2
2,0.000000,0.000000,   0.000000,1612,0,2
3,0.000000,0.000000,   0.000000,1612,0,2
4,0.020000,0.000000,   0.000000,1612,0,2
5,0.000000,0.000000,   0.000000,1616,0,2
6,0.000000,0.000000,   0.000000,1616,0,2
7,0.000000,0.000000,   0.000000,1612,0,2
8,0.000000,0.000000,   0.000000,1612,0,2
9,0.000000,0.000000,   0.000000,1612,0,2
10,0.000000,0.000000,   0.000000,1612,0,2
