metric,median,p25,p75
real_s,0.007300,0.007300,0.007300
user_s,0.004450,0.004450,0.004450
sys_s,0.001900,0.001900,0.001900
peak_kb,1744.000000,1744.000000,1744.000000
colors_used,65.000000,65.000000,65.000000
