metric,median,p25,p75
real_s,0.018850,0.018850,0.018850
user_s,0.200000,0.200000,0.200000
sys_s,0.005750,0.005750,0.005750
peak_kb,4384.000000,4384.000000,4384.000000
colors_used,65.000000,65.000000,65.000000
