metric,median,p25,p75
real_s,0.040000,0.040000,0.040000
user_s,0.010000,0.002500,0.010000
sys_s,0.000000,0.000000,0.000000
peak_kb,3968.000000,3968.000000,3968.000000
colors_used,65.000000,65.000000,65.000000
