run,real_s,user_s,sys_s,peak_kb,rc,colors_used
1,0.020000,0.000000,0.000000,3584,0,65
2,0.040000,0.000000,0.000000,3584,0,65
3,0.030000,0.000000,0.000000,3584,0,65
4,0.030000,0.000000,0.000000,3456,0,65
5,0.030000,0.000000,0.000000,3584,0,65
6,0.030000,0.000000,0.000000,3456,0,65
7,0.040000,0.000000,0.000000,3456,0,65
8,0.030000,0.000000,0.000000,3584,0,65
9,0.030000,0.000000,0.000000,3456,0,65
10,0.030000,0.000000,0.000000,3584,0,65
