metric,median,p25,p75
real_s,0.280000,0.280000,0.290000
user_s,0.210000,0.210000,0.217500
sys_s,0.060000,0.052500,0.060000
peak_kb,2304.000000,2300.000000,2304.000000
colors_used,65.000000,65.000000,65.000000
