run,real_s,user_s,sys_s,peak_kb,rc,colors_used
1,0.040000,0.000000,0.000000,3968,0,65
2,0.040000,0.010000,0.000000,3968,0,65
3,0.040000,0.010000,0.000000,3968,0,65
4,0.040000,0.010000,0.000000,3968,0,65
5,0.040000,0.010000,0.000000,3968,0,66
6,0.040000,0.010000,0.000000,3968,0,65
7,0.040000,0.000000,0.000000,3968,0,65
8,0.040000,0.010000,0.000000,3968,0,65
9,0.040000,0.000000,0.000000,3968,0,65
10,0.040000,0.010000,0.000000,3968,0,65
