metric,median,p25,p75
real_s,0.018900,0.018900,0.018900
user_s,0.202650,0.202650,0.202650
sys_s,0.005350,0.005350,0.005350
peak_kb,4384.000000,4384.000000,4384.000000
colors_used,65.000000,65.000000,65.000000
