metric,median,p25,p75
real_s,0.070250,0.070250,0.070250
user_s,0.369500,0.369500,0.369500
sys_s,0.014500,0.014500,0.014500
peak_kb,4096.000000,4096.000000,4096.000000
colors_used,65.000000,65.000000,65.000000
