run,real_s,user_s,sys_s,peak_kb,rc,colors_used
1,0.290000,0.230000,   0.050000,2300,0,65
2,0.280000,0.210000,   0.060000,2300,0,65
3,0.280000,0.210000,   0.060000,2308,0,65
4,0.270000,0.210000,   0.050000,2308,0,65
5,0.280000,0.200000,   0.070000,2304,0,65
6,0.290000,0.210000,   0.070000,2304,0,65
7,0.280000,0.210000,   0.060000,2300,0,65
8,0.300000,0.240000,   0.060000,2300,0,65
9,0.290000,0.220000,   0.060000,2304,0,65
10,0.260000,0.200000,   0.050000,2304,0,65
