metric,median,p25,p75
real_s,0.021200,0.021200,0.021200
user_s,0.236800,0.236800,0.236800
sys_s,0.006550,0.006550,0.006550
peak_kb,4396.000000,4396.000000,4396.000000
colors_used,65.000000,65.000000,65.000000
