metric,median,p25,p75
real_s,0.030850,0.030850,0.030850
user_s,0.122950,0.122950,0.122950
sys_s,0.007600,0.007600,0.007600
peak_kb,3968.000000,3968.000000,3968.000000
colors_used,14.000000,14.000000,14.000000
