metric,median,p25,p75
real_s,0.007450,0.007450,0.007450
user_s,0.050050,0.050050,0.050050
sys_s,0.003950,0.003950,0.003950
peak_kb,4264.000000,4264.000000,4264.000000
colors_used,15.000000,15.000000,15.000000
