metric,median,p25,p75
real_s,0.004350,0.004350,0.004350
user_s,0.002050,0.002050,0.002050
sys_s,0.001550,0.001550,0.001550
peak_kb,1688.000000,1688.000000,1688.000000
colors_used,13.000000,13.000000,13.000000
