metric,median,p25,p75
real_s,0.070000,0.070000,0.077500
user_s,0.050000,0.050000,0.060000
sys_s,0.010000,0.010000,0.010000
peak_kb,2186.000000,2184.000000,2188.000000
colors_used,15.500000,15.000000,16.750000
