run,real_s,user_s,sys_s,peak_kb,rc,colors_used
1,0.000000,0.000000,   0.000000,1684,0,13
2,0.000000,0.000000,   0.000000,1684,0,13
3,0.000000,0.000000,   0.000000,1688,0,13
4,0.000000,0.000000,   0.000000,1684,0,13
5,0.000000,0.000000,   0.000000,1688,0,13
6,0.000000,0.000000,   0.000000,1684,0,13
7,0.000000,0.000000,   0.000000,1688,0,13
8,0.000000,0.000000,   0.000000,1684,0,13
9,0.000000,0.000000,   0.000000,1688,0,13
10,0.000000,0.000000,   0.000000,1688,0,13
