metric,median,p25,p75
real_s,0.080150,0.080150,0.080150
user_s,0.420900,0.420900,0.420900
sys_s,0.019500,0.019500,0.019500
peak_kb,3968.000000,3968.000000,3968.000000
colors_used,16.000000,16.000000,16.000000
