metric,median,p25,p75
real_s,0.008600,0.008600,0.008600
user_s,0.065950,0.065950,0.065950
sys_s,0.004400,0.004400,0.004400
peak_kb,4268.000000,4268.000000,4268.000000
colors_used,14.000000,14.000000,14.000000
