run,real_s,user_s,sys_s,peak_kb,rc,colors_used
1,0.010000,0.000000,0.000000,3968,0,16
2,0.020000,0.000000,0.000000,3968,0,15
3,0.020000,0.000000,0.000000,3712,0,15
4,0.030000,0.000000,0.000000,3840,0,14
5,0.030000,0.000000,0.000000,3840,0,15
6,0.020000,0.000000,0.000000,3840,0,16
7,0.020000,0.000000,0.000000,3840,0,16
8,0.030000,0.000000,0.000000,3840,0,15
9,0.030000,0.000000,0.000000,3840,0,16
10,0.020000,0.000000,0.000000,3840,0,14
