run,real_s,user_s,sys_s,peak_kb,rc,colors_used
1,0.080000,0.060000,   0.010000,2184,0,15
2,0.060000,0.050000,   0.010000,2184,0,15
3,0.070000,0.050000,   0.010000,2188,0,17
4,0.060000,0.050000,   0.000000,2184,0,14
5,0.080000,0.060000,   0.010000,2184,0,16
6,0.080000,0.060000,   0.020000,2188,0,17
7,0.070000,0.060000,   0.010000,2188,0,15
8,0.070000,0.050000,   0.010000,4220,0,16
9,0.070000,0.050000,   0.010000,2188,0,15
10,0.070000,0.050000,   0.010000,2184,0,17
