metric,median,p25,p75
real_s,0.023950,0.023950,0.023950
user_s,0.257250,0.257250,0.257250
sys_s,0.005900,0.005900,0.005900
peak_kb,4404.000000,4404.000000,4404.000000
colors_used,55.000000,55.000000,55.000000
