run,real_s,user_s,sys_s,peak_kb,rc,colors_used
1,0.270000,0.210000,   0.050000,2312,0,54
2,0.250000,0.200000,   0.040000,2312,0,54
3,0.250000,0.200000,   0.040000,2316,0,54
4,0.260000,0.190000,   0.060000,2316,0,54
5,0.360000,0.210000,   0.050000,4352,0,54
6,0.270000,0.220000,   0.050000,4356,0,54
7,0.250000,0.180000,   0.060000,4352,0,54
8,0.230000,0.190000,   0.030000,2320,0,54
9,0.250000,0.180000,   0.060000,2316,0,55
10,0.250000,0.190000,   0.050000,2324,0,54
