metric,median,p25,p75
real_s,0.046950,0.046950,0.046950
user_s,0.204100,0.204100,0.204100
sys_s,0.008300,0.008300,0.008300
peak_kb,4096.000000,4096.000000,4096.000000
colors_used,54.000000,54.000000,54.000000
