metric,median,p25,p75
real_s,0.060000,0.052500,0.060000
user_s,0.010000,0.010000,0.017500
sys_s,0.000000,0.000000,0.000000
peak_kb,4096.000000,3968.000000,4096.000000
colors_used,54.000000,54.000000,54.000000
