metric,median,p25,p75
real_s,0.010000,0.010000,0.020000
user_s,0.000000,0.000000,0.000000
sys_s,0.000000,0.000000,0.000000
peak_kb,1830.000000,1828.000000,1832.000000
colors_used,54.000000,54.000000,54.000000
