metric,median,p25,p75
real_s,0.031650,0.031650,0.031650
user_s,0.114650,0.114650,0.114650
sys_s,0.005500,0.005500,0.005500
peak_kb,4096.000000,4096.000000,4096.000000
colors_used,54.000000,54.000000,54.000000
