metric,median,p25,p75
real_s,0.250000,0.250000,0.267500
user_s,0.195000,0.190000,0.207500
sys_s,0.050000,0.042500,0.057500
peak_kb,2318.000000,2316.000000,3845.000000
colors_used,54.000000,54.000000,54.000000
