metric,median,p25,p75
real_s,0.009800,0.009800,0.009800
user_s,0.006650,0.006650,0.006650
sys_s,0.002200,0.002200,0.002200
peak_kb,1832.000000,1832.000000,1832.000000
colors_used,54.000000,54.000000,54.000000
