metric,median,p25,p75
real_s,0.347300,0.347300,0.347300
user_s,1.378550,1.378550,1.378550
sys_s,0.024150,0.024150,0.024150
peak_kb,8448.000000,8448.000000,8448.000000
colors_used,153.000000,153.000000,153.000000
