run,real_s,user_s,sys_s,peak_kb,rc,colors_used
1,0.600000,0.200000,0.080000,35060,0,213
2,0.560000,0.190000,0.080000,35016,0,213
3,0.510000,0.220000,0.030000,35056,0,213
4,0.520000,0.240000,0.010000,34932,0,213
5,0.550000,0.240000,0.010000,34928,0,213
6,0.580000,0.240000,0.030000,35056,0,213
7,0.500000,0.200000,0.040000,34928,0,213
8,0.520000,0.210000,0.040000,35060,0,213
9,0.510000,0.220000,0.010000,34932,0,213
10,0.500000,0.190000,0.040000,34932,0,213
