run,real_s,user_s,sys_s,peak_kb,rc,colors_used
1,0.480000,0.190000,0.020000,8448,0,160
2,0.510000,0.190000,0.030000,8448,0,153
3,0.500000,0.190000,0.020000,8448,0,156
4,0.510000,0.210000,0.010000,8192,0,152
5,0.490000,0.200000,0.010000,8448,0,155
6,0.490000,0.200000,0.010000,8448,0,152
7,0.500000,0.190000,0.020000,8448,0,151
8,0.460000,0.200000,0.010000,8320,0,150
9,0.480000,0.200000,0.020000,8448,0,152
10,0.520000,0.190000,0.020000,8320,0,153
