metric,median,p25,p75
real_s,0.202950,0.202950,0.202950
user_s,1.918650,1.918650,1.918650
sys_s,0.024100,0.024100,0.024100
peak_kb,6668.000000,6668.000000,6668.000000
colors_used,154.000000,154.000000,154.000000
