metric,median,p25,p75
real_s,0.160800,0.160800,0.160800
user_s,1.677550,1.677550,1.677550
sys_s,0.014300,0.014300,0.014300
peak_kb,6664.000000,6664.000000,6664.000000
colors_used,149.000000,149.000000,149.000000
