metric,median,p25,p75
real_s,0.410000,0.390000,0.437500
user_s,0.110000,0.102500,0.110000
sys_s,0.010000,0.010000,0.010000
peak_kb,7808.000000,7808.000000,7936.000000
colors_used,213.000000,213.000000,213.000000
