metric,median,p25,p75
real_s,0.520000,0.510000,0.557500
user_s,0.215000,0.200000,0.235000
sys_s,0.035000,0.015000,0.040000
peak_kb,34974.000000,34932.000000,35056.000000
colors_used,213.000000,213.000000,213.000000
