metric,median,p25,p75
real_s,1.265000,1.245000,1.280000
user_s,1.000000,0.982500,1.025000
sys_s,0.240000,0.232500,0.240000
peak_kb,6466.000000,6400.000000,6468.000000
colors_used,154.500000,151.250000,155.000000
