metric,median,p25,p75
real_s,0.161450,0.161450,0.161450
user_s,1.685550,1.685550,1.685550
sys_s,0.015050,0.015050,0.015050
peak_kb,6664.000000,6664.000000,6664.000000
colors_used,158.000000,158.000000,158.000000
