run,real_s,user_s,sys_s,peak_kb,rc,colors_used
1,0.560000,0.220000,0.050000,8320,0,154
2,0.570000,0.230000,0.030000,8448,0,150
3,0.510000,0.190000,0.020000,8448,0,153
4,0.500000,0.180000,0.020000,8448,0,148
5,0.470000,0.190000,0.010000,8320,0,156
6,0.500000,0.200000,0.010000,8448,0,149
7,0.480000,0.200000,0.000000,8448,0,153
8,0.570000,0.210000,0.000000,8448,0,155
9,0.510000,0.200000,0.010000,8320,0,155
10,0.510000,0.200000,0.010000,8320,0,149
