metric,median,p25,p75
real_s,0.510000,0.500000,0.547500
user_s,0.200000,0.192500,0.207500
sys_s,0.010000,0.010000,0.020000
peak_kb,8448.000000,8320.000000,8448.000000
colors_used,153.000000,149.250000,154.750000
