metric,median,p25,p75
real_s,0.405000,0.400000,0.420000
user_s,0.110000,0.110000,0.117500
sys_s,0.010000,0.010000,0.020000
peak_kb,7936.000000,7840.000000,7936.000000
colors_used,213.000000,213.000000,213.000000
