run,real_s,user_s,sys_s,peak_kb,rc,colors_used
1,0.430000,0.110000,0.010000,7808,0,213
2,0.420000,0.100000,0.020000,7936,0,213
3,0.440000,0.110000,0.010000,7936,0,213
4,0.390000,0.100000,0.010000,7808,0,213
5,0.390000,0.100000,0.010000,7808,0,213
6,0.390000,0.110000,0.010000,7936,0,213
7,0.400000,0.110000,0.000000,7936,0,213
8,0.470000,0.150000,0.010000,7808,0,213
9,0.390000,0.120000,0.000000,7808,0,213
10,0.470000,0.110000,0.030000,7808,0,213
