metric,median,p25,p75
real_s,0.110000,0.092500,0.110000
user_s,0.080000,0.070000,0.080000
sys_s,0.010000,0.010000,0.010000
peak_kb,6316.000000,6268.000000,6320.000000
colors_used,213.000000,213.000000,213.000000
