metric,median,p25,p75
real_s,0.021650,0.021650,0.021650
user_s,0.224600,0.224600,0.224600
sys_s,0.006050,0.006050,0.006050
peak_kb,4364.000000,4364.000000,4364.000000
colors_used,31.000000,31.000000,31.000000
