run,real_s,user_s,sys_s,peak_kb,rc,colors_used
1,0.240000,0.190000,   0.040000,2272,0,33
2,0.270000,0.220000,   0.050000,2272,0,33
3,0.250000,0.200000,   0.040000,2276,0,31
4,0.260000,0.200000,   0.040000,2272,0,30
5,0.250000,0.180000,   0.040000,4308,0,31
6,0.270000,0.200000,   0.050000,2276,0,31
7,0.250000,0.200000,   0.040000,2272,0,33
8,0.230000,0.180000,   0.050000,4308,0,31
9,0.270000,0.210000,   0.040000,2272,0,31
10,0.250000,0.200000,   0.040000,2276,0,32
