metric,median,p25,p75
real_s,0.019050,0.019050,0.019050
user_s,0.182900,0.182900,0.182900
sys_s,0.005200,0.005200,0.005200
peak_kb,4352.000000,4352.000000,4352.000000
colors_used,32.000000,32.000000,32.000000
