metric,median,p25,p75
real_s,0.165000,0.152500,0.170000
user_s,0.115000,0.110000,0.120000
sys_s,0.030000,0.030000,0.030000
peak_kb,2248.000000,2248.000000,2252.000000
colors_used,23.000000,22.250000,23.000000
