metric,median,p25,p75
real_s,0.015000,0.010000,0.027500
user_s,0.000000,0.000000,0.000000
sys_s,0.000000,0.000000,0.000000
peak_kb,1748.000000,1744.000000,1748.000000
colors_used,26.000000,26.000000,26.000000
