metric,median,p25,p75
real_s,0.034650,0.034650,0.034650
user_s,0.146850,0.146850,0.146850
sys_s,0.005600,0.005600,0.005600
peak_kb,4096.000000,4096.000000,4096.000000
colors_used,31.000000,31.000000,31.000000
