metric,median,p25,p75
real_s,0.045000,0.040000,0.050000
user_s,0.010000,0.002500,0.010000
sys_s,0.000000,0.000000,0.010000
peak_kb,4992.000000,4992.000000,5120.000000
colors_used,26.000000,26.000000,26.000000
