run,real_s,user_s,sys_s,peak_kb,rc,colors_used
1,0.170000,0.120000,   0.030000,2248,0,23
2,0.180000,0.130000,   0.030000,2252,0,21
3,0.170000,0.110000,   0.030000,2252,0,23
4,0.170000,0.120000,   0.030000,2248,0,23
5,0.160000,0.120000,   0.030000,2248,0,23
6,0.160000,0.120000,   0.020000,2248,0,23
7,0.140000,0.110000,   0.020000,2252,0,21
8,0.150000,0.110000,   0.030000,2248,0,23
9,0.150000,0.110000,   0.030000,2252,0,22
10,0.170000,0.110000,   0.030000,2248,0,23
