metric,median,p25,p75
real_s,0.012250,0.012250,0.012250
user_s,0.108100,0.108100,0.108100
sys_s,0.004250,0.004250,0.004250
peak_kb,4332.000000,4332.000000,4332.000000
colors_used,23.000000,23.000000,23.000000
