metric,median,p25,p75
real_s,0.006350,0.006350,0.006350
user_s,0.003700,0.003700,0.003700
sys_s,0.001750,0.001750,0.001750
peak_kb,1744.000000,1744.000000,1744.000000
colors_used,18.000000,18.000000,18.000000
