metric,median,p25,p75
real_s,0.024300,0.024300,0.024300
user_s,0.078950,0.078950,0.078950
sys_s,0.004700,0.004700,0.004700
peak_kb,3968.000000,3968.000000,3968.000000
colors_used,22.000000,22.000000,22.000000
