run,real_s,user_s,sys_s,peak_kb,rc,colors_used
1,0.030000,0.000000,0.000000,4096,0,32
2,0.040000,0.010000,0.000000,3968,0,32
3,0.060000,0.010000,0.000000,3968,0,32
4,0.050000,0.000000,0.000000,4096,0,32
5,0.060000,0.010000,0.000000,4096,0,31
6,0.040000,0.000000,0.010000,4096,0,31
7,0.040000,0.010000,0.000000,3968,0,31
8,0.040000,0.010000,0.000000,4096,0,32
9,0.040000,0.010000,0.000000,4224,0,32
10,0.040000,0.010000,0.000000,4096,0,31
