metric,median,p25,p75
real_s,0.015000,0.000000,0.020000
user_s,0.000000,0.000000,0.000000
sys_s,0.000000,0.000000,0.000000
peak_kb,1742.000000,1740.000000,1744.000000
colors_used,18.000000,18.000000,18.000000
