metric,median,p25,p75
real_s,0.014400,0.014400,0.014400
user_s,0.140250,0.140250,0.140250
sys_s,0.005300,0.005300,0.005300
peak_kb,4336.000000,4336.000000,4336.000000
colors_used,22.000000,22.000000,22.000000
