metric,median,p25,p75
real_s,0.009150,0.009150,0.009150
user_s,0.006050,0.006050,0.006050
sys_s,0.002050,0.002050,0.002050
peak_kb,1748.000000,1748.000000,1748.000000
colors_used,26.000000,26.000000,26.000000
