metric,median,p25,p75
real_s,0.040000,0.040000,0.047500
user_s,0.010000,0.002500,0.010000
sys_s,0.000000,0.000000,0.000000
peak_kb,4096.000000,4000.000000,4096.000000
colors_used,32.000000,31.000000,32.000000
