metric,median,p25,p75
real_s,0.018850,0.018850,0.018850
user_s,0.180650,0.180650,0.180650
sys_s,0.005250,0.005250,0.005250
peak_kb,4356.000000,4356.000000,4356.000000
colors_used,31.000000,31.000000,31.000000
