metric,median,p25,p75
real_s,0.028800,0.028800,0.028800
user_s,0.098900,0.098900,0.098900
sys_s,0.005400,0.005400,0.005400
peak_kb,4096.000000,4096.000000,4096.000000
colors_used,33.000000,33.000000,33.000000
