metric,median,p25,p75
real_s,0.012300,0.012300,0.012300
user_s,0.107700,0.107700,0.107700
sys_s,0.004450,0.004450,0.004450
peak_kb,4332.000000,4332.000000,4332.000000
colors_used,22.000000,22.000000,22.000000
