metric,median,p25,p75
real_s,0.007350,0.007350,0.007350
user_s,0.051200,0.051200,0.051200
sys_s,0.004000,0.004000,0.004000
peak_kb,4232.000000,4232.000000,4232.000000
colors_used,15.000000,15.000000,15.000000
