metric,median,p25,p75
real_s,0.006800,0.006800,0.006800
user_s,0.004200,0.004200,0.004200
sys_s,0.001700,0.001700,0.001700
peak_kb,1744.000000,1744.000000,1744.000000
colors_used,27.000000,27.000000,27.000000
