run,real_s,user_s,sys_s,peak_kb,rc,colors_used
1,0.030000,0.000000,0.000000,3968,0,23
2,0.030000,0.000000,0.000000,3968,0,24
3,0.030000,0.010000,0.000000,3968,0,23
4,0.040000,0.000000,0.010000,3968,0,24
5,0.030000,0.010000,0.000000,3968,0,24
6,0.030000,0.010000,0.000000,3968,0,24
7,0.030000,0.010000,0.000000,3968,0,24
8,0.030000,0.010000,0.000000,3968,0,23
9,0.030000,0.000000,0.000000,3968,0,22
10,0.030000,0.000000,0.000000,3840,0,23
