metric,median,p25,p75
real_s,0.008300,0.008300,0.008300
user_s,0.063850,0.063850,0.063850
sys_s,0.004750,0.004750,0.004750
peak_kb,4244.000000,4244.000000,4244.000000
colors_used,16.000000,16.000000,16.000000
