metric,median,p25,p75
real_s,0.014950,0.014950,0.014950
user_s,0.133100,0.133100,0.133100
sys_s,0.004850,0.004850,0.004850
peak_kb,4340.000000,4340.000000,4340.000000
colors_used,23.000000,23.000000,23.000000
