metric,median,p25,p75
real_s,0.000000,0.000000,0.015000
user_s,0.000000,0.000000,0.000000
sys_s,0.000000,0.000000,0.000000
peak_kb,1660.000000,1660.000000,1664.000000
colors_used,15.000000,15.000000,15.000000
