metric,median,p25,p75
real_s,0.090000,0.090000,0.097500
user_s,0.065000,0.060000,0.070000
sys_s,0.015000,0.010000,0.020000
peak_kb,2156.000000,2156.000000,2159.000000
colors_used,15.000000,15.000000,15.750000
