metric,median,p25,p75
real_s,0.017300,0.017300,0.017300
user_s,0.039350,0.039350,0.039350
sys_s,0.003800,0.003800,0.003800
peak_kb,3840.000000,3840.000000,3840.000000
colors_used,17.000000,17.000000,17.000000
