run,real_s,user_s,sys_s,peak_kb,rc,colors_used
1,0.170000,0.140000,   0.030000,2256,0,24
2,0.180000,0.130000,   0.030000,2256,0,23
3,0.180000,0.140000,   0.030000,2252,0,24
4,0.180000,0.140000,   0.030000,2256,0,23
5,0.200000,0.150000,   0.030000,2252,0,23
6,0.160000,0.120000,   0.030000,2256,0,24
7,0.190000,0.140000,   0.040000,2256,0,24
8,0.210000,0.130000,   0.040000,2256,0,24
9,0.170000,0.130000,   0.030000,2252,0,23
10,0.170000,0.130000,   0.020000,2252,0,23
