metric,median,p25,p75
real_s,0.017800,0.017800,0.017800
user_s,0.041200,0.041200,0.041200
sys_s,0.003800,0.003800,0.003800
peak_kb,3840.000000,3840.000000,3840.000000
colors_used,15.000000,15.000000,15.000000
