metric,median,p25,p75
real_s,0.013350,0.013350,0.013350
user_s,0.107050,0.107050,0.107050
sys_s,0.004950,0.004950,0.004950
peak_kb,4336.000000,4336.000000,4336.000000
colors_used,22.000000,22.000000,22.000000
