metric,median,p25,p75
real_s,0.024600,0.024600,0.024600
user_s,0.066450,0.066450,0.066450
sys_s,0.004950,0.004950,0.004950
peak_kb,4096.000000,4096.000000,4096.000000
colors_used,24.000000,24.000000,24.000000
