metric,median,p25,p75
real_s,0.013200,0.013200,0.013200
user_s,0.108100,0.108100,0.108100
sys_s,0.004900,0.004900,0.004900
peak_kb,4336.000000,4336.000000,4336.000000
colors_used,24.000000,24.000000,24.000000
