run,real_s,user_s,sys_s,peak_kb,rc,colors_used
1,0.020000,0.000000,0.000000,3712,0,15
2,0.010000,0.000000,0.000000,3840,0,15
3,0.010000,0.000000,0.000000,3712,0,15
4,0.010000,0.000000,0.000000,3840,0,15
5,0.020000,0.000000,0.000000,3840,0,16
6,0.020000,0.000000,0.000000,3712,0,16
7,0.020000,0.000000,0.000000,3840,0,15
8,0.020000,0.000000,0.000000,3968,0,16
9,0.020000,0.000000,0.000000,3840,0,15
10,0.020000,0.000000,0.000000,3840,0,15
