metric,median,p25,p75
real_s,0.180000,0.170000,0.187500
user_s,0.135000,0.130000,0.140000
sys_s,0.030000,0.030000,0.030000
peak_kb,2256.000000,2252.000000,2256.000000
colors_used,23.500000,23.000000,24.000000
