metric,median,p25,p75
real_s,0.007250,0.007250,0.007250
user_s,0.050400,0.050400,0.050400
sys_s,0.004150,0.004150,0.004150
peak_kb,4232.000000,4232.000000,4232.000000
colors_used,15.000000,15.000000,15.000000
