metric,median,p25,p75
real_s,0.026100,0.026100,0.026100
user_s,0.075750,0.075750,0.075750
sys_s,0.004350,0.004350,0.004350
peak_kb,4096.000000,4096.000000,4096.000000
colors_used,23.000000,23.000000,23.000000
