metric,median,p25,p75
real_s,0.030000,0.030000,0.030000
user_s,0.005000,0.000000,0.010000
sys_s,0.000000,0.000000,0.000000
peak_kb,3968.000000,3968.000000,3968.000000
colors_used,23.500000,23.000000,24.000000
